"sample_id","target_path","y_true","label","source_group","recommended_eval","vulnerable_contract","vulnerable_function","vuln_line_start","vuln_line_end","secondary_function","secondary_line_start","secondary_line_end","vulnerable_path"
"ss_002_bsc_0xd4bbf439d3eab5155ca7c0537e583088fb4cfce8_VSafeVaultWBNB","cases/smartreco_sources/bsc_0xd4bbf439d3eab5155ca7c0537e583088fb4cfce8_VSafeVaultWBNB/VSafeVaultWBNB.sol","1","ROR","smartreco_solidity_sources","1","VSafeVaultWBNB","withdraw","1198","1200","","","","cases/smartreco_sources/bsc_0xd4bbf439d3eab5155ca7c0537e583088fb4cfce8_VSafeVaultWBNB/VSafeVaultWBNB.sol"
"ss_004_eth_0x0000000001e4ef00d069e71d6ba041b0a16f7ea0_PendleRouter","cases/smartreco_sources/eth_0x0000000001e4ef00d069e71d6ba041b0a16f7ea0_PendleRouter/contracts/pendle/contracts/router/PendleRouter.sol","1","ROR","smartreco_solidity_sources","1","PendleRouter","batchExec","205","205","","","","cases/smartreco_sources/eth_0x0000000001e4ef00d069e71d6ba041b0a16f7ea0_PendleRouter/contracts/pendle/contracts/router/PendleRouter.sol"
"ss_006_eth_0x13dada6157fee283723c0254f43ff1fdade4eed6_GenericKeep3rV2","cases/smartreco_sources/eth_0x13dada6157fee283723c0254f43ff1fdade4eed6_GenericKeep3rV2/Users/csessa/dev/yearn-truffle-verify2/contracts/keep3r/GenericKeep3rV2.sol","1","ROR","smartreco_solidity_sources","1","GenericKeep3rV2","harvest","158","162","","","","cases/smartreco_sources/eth_0x13dada6157fee283723c0254f43ff1fdade4eed6_GenericKeep3rV2/Users/csessa/dev/yearn-truffle-verify2/contracts/keep3r/GenericKeep3rV2.sol"
"ss_008_eth_0x16388463d60ffe0661cf7f1f31a7d658ac790ff7_Proxy","cases/smartreco_sources/eth_0x16388463d60ffe0661cf7f1f31a7d658ac790ff7_Proxy/Proxy.sol","1","ROR","smartreco_solidity_sources","1","Proxy","fallback","22","40","","","","cases/smartreco_sources/eth_0x16388463d60ffe0661cf7f1f31a7d658ac790ff7_Proxy/Proxy.sol"
"ss_010_eth_0x1824df8d751704fa10fa371d62a37f9b8772ab90_TrustedVaultMigrator","cases/smartreco_sources/eth_0x1824df8d751704fa10fa371d62a37f9b8772ab90_TrustedVaultMigrator/TrustedVaultMigrator.sol","1","ROR","smartreco_solidity_sources","1","VaultMigrator","migrateAll","608","614","","","","cases/smartreco_sources/eth_0x1824df8d751704fa10fa371d62a37f9b8772ab90_TrustedVaultMigrator/TrustedVaultMigrator.sol"
"ss_012_eth_0x3caca7b48d0573d793d3b0279b5f0029180e83b6_Gelato","cases/smartreco_sources/eth_0x3caca7b48d0573d793d3b0279b5f0029180e83b6_Gelato/contracts/core/diamond/Gelato.sol","1","ROR","smartreco_solidity_sources","1","Gelato","fallback","36","56","","","","cases/smartreco_sources/eth_0x3caca7b48d0573d793d3b0279b5f0029180e83b6_Gelato/contracts/core/diamond/Gelato.sol"
"ss_014_eth_0x5b60f5f14778fc5769b80046bd8b6572e91e6b3f_HarvestV2Keep3rJob","cases/smartreco_sources/eth_0x5b60f5f14778fc5769b80046bd8b6572e91e6b3f_HarvestV2Keep3rJob/contracts/jobs/v2/HarvestV2Keep3rJob.sol","1","ROR","smartreco_solidity_sources","1","V2Keep3rJob","forceWork","149","152","","","","cases/smartreco_sources/eth_0x5b60f5f14778fc5769b80046bd8b6572e91e6b3f_HarvestV2Keep3rJob/contracts/jobs/v2/V2Keep3rJob.sol"
"ss_016_eth_0x620bd1e1d1d845c8904ac03f6cd6b87706b7596b_HarvestV2Keep3rJob","cases/smartreco_sources/eth_0x620bd1e1d1d845c8904ac03f6cd6b87706b7596b_HarvestV2Keep3rJob/contracts/jobs/v2/HarvestV2Keep3rJob.sol","1","ROR","smartreco_solidity_sources","1","HarvestV2Keep3rJob","workForTokens","62","65","","","","cases/smartreco_sources/eth_0x620bd1e1d1d845c8904ac03f6cd6b87706b7596b_HarvestV2Keep3rJob/contracts/jobs/v2/HarvestV2Keep3rJob.sol"
"ss_018_eth_0x6d5a780fe782e90b49a85926cc77ddab0d024645_Keep3rProxyJob","cases/smartreco_sources/eth_0x6d5a780fe782e90b49a85926cc77ddab0d024645_Keep3rProxyJob/contracts/proxy-job/Keep3rProxyJob.sol","1","ROR","smartreco_solidity_sources","1","Keep3rProxyJob","Work","60","64","","","","cases/smartreco_sources/eth_0x6d5a780fe782e90b49a85926cc77ddab0d024645_Keep3rProxyJob/contracts/proxy-job/Keep3rProxyJob.sol"
"ss_020_eth_0x736d7e3c5a6cb2ce3b764300140abf476f6cfccf_V2Keeper","cases/smartreco_sources/eth_0x736d7e3c5a6cb2ce3b764300140abf476f6cfccf_V2Keeper/contracts/jobs/v2/V2Keeper.sol","1","ROR","smartreco_solidity_sources","1","V2Keeper","Harvest","54","56","","","","cases/smartreco_sources/eth_0x736d7e3c5a6cb2ce3b764300140abf476f6cfccf_V2Keeper/contracts/jobs/v2/V2Keeper.sol"
"ss_022_eth_0x82084ed9fd5a582aa2994c0f07f535735e85f318_HarvestV2Keep3rJob","cases/smartreco_sources/eth_0x82084ed9fd5a582aa2994c0f07f535735e85f318_HarvestV2Keep3rJob/contracts/jobs/v2/HarvestV2Keep3rJob.sol","1","ROR","smartreco_solidity_sources","1","V2Keep3rJob","forceWork","147","150","","","","cases/smartreco_sources/eth_0x82084ed9fd5a582aa2994c0f07f535735e85f318_HarvestV2Keep3rJob/contracts/jobs/v2/V2Keep3rJob.sol"
"ss_024_eth_0x9d58779365b067d5d3fcc6e92d237acd06f1e6a1_ArgentModule","cases/smartreco_sources/eth_0x9d58779365b067d5d3fcc6e92d237acd06f1e6a1_ArgentModule/Users/Elena/Source/argent-contracts/contracts/modules/ArgentModule.sol","1","ROR","smartreco_solidity_sources","1","RelayerManager","execute","81","140","","","","cases/smartreco_sources/eth_0x9d58779365b067d5d3fcc6e92d237acd06f1e6a1_ArgentModule/Users/Elena/Source/argent-contracts/contracts/modules/RelayerManager.sol"
"ss_025_eth_0x9f72dc67cec672bb99e3d02cbea0a21536a2b657","cases/smartreco_sources/eth_0x9f72dc67cec672bb99e3d02cbea0a21536a2b657/contracts/protocol/libraries/sturdy-upgradeability/InitializableImmutableAdminUpgradeabilityProxy.sol","1","ROR","smartreco_solidity_sources","1","LendingPool","borrow","3765","3786","","","","cases/smartreco_sources/eth_0x9f72dc67cec672bb99e3d02cbea0a21536a2b657/LendingPool.sol"
"ss_030_eth_0xb0880df8420974ef1b040111e5e0e95f05f8fee1_yVault_ZapInOut_General_V1_5","cases/smartreco_sources/eth_0xb0880df8420974ef1b040111e5e0e95f05f8fee1_yVault_ZapInOut_General_V1_5/yVault_ZapInOut_General_V1_5.sol","1","ROR","smartreco_solidity_sources","1","yVault_ZapInOut_General_V1_5","ZapOut","1082","1181","","","","cases/smartreco_sources/eth_0xb0880df8420974ef1b040111e5e0e95f05f8fee1_yVault_ZapInOut_General_V1_5/yVault_ZapInOut_General_V1_5.sol"
"ss_032_eth_0xbb787d6243a8d450659e09ea6fd82f1c859691e9_ConicEthPool","cases/smartreco_sources/eth_0xbb787d6243a8d450659e09ea6fd82f1c859691e9_ConicEthPool/ConicEthPool.sol","1","ROR","smartreco_solidity_sources","1","ConicEthPool","deposit","203","208","","","","cases/smartreco_sources/eth_0xbb787d6243a8d450659e09ea6fd82f1c859691e9_ConicEthPool/ConicEthPool.sol"
"ss_034_eth_0xc5b49abf8b164472be9486767af6b1a5586b5609_yVault_ZapOut_V2","cases/smartreco_sources/eth_0xc5b49abf8b164472be9486767af6b1a5586b5609_yVault_ZapOut_V2/yVault_ZapOut_V2.sol","1","ROR","smartreco_solidity_sources","1","yVault_ZapOut_V2","ZapOut","921","985","","","","cases/smartreco_sources/eth_0xc5b49abf8b164472be9486767af6b1a5586b5609_yVault_ZapOut_V2/yVault_ZapOut_V2.sol"
"ss_036_eth_0xd6b88257e91e4e4d4e990b3a858c849ef2dfde8c_yVault_ZapOut_V3_0_1","cases/smartreco_sources/eth_0xd6b88257e91e4e4d4e990b3a858c849ef2dfde8c_yVault_ZapOut_V3_0_1/contracts/yEarn/yVault_ZapOut_V3.sol","1","ROR","smartreco_solidity_sources","1","yVault_ZapOut_V3_0_1","ZapOut","175","236","","","","cases/smartreco_sources/eth_0xd6b88257e91e4e4d4e990b3a858c849ef2dfde8c_yVault_ZapOut_V3_0_1/contracts/yEarn/yVault_ZapOut_V3.sol"
"ss_038_eth_0xd6e194af3d9674b62d1b30ec676030c23961275e_AdminUpgradeabilityProxy","cases/smartreco_sources/eth_0xd6e194af3d9674b62d1b30ec676030c23961275e_AdminUpgradeabilityProxy/AdminUpgradeabilityProxy.sol","1","ROR","smartreco_solidity_sources","1","RariFundManager","deposit","464","467","","","","cases/smartreco_sources/eth_0xd6e194af3d9674b62d1b30ec676030c23961275e_AdminUpgradeabilityProxy/home/david/repc-latest-latest/contracts/RariFundManager.sol"
"ss_040_eth_0xe27f1a136c0114aded15b24b576ad7f71483dcca_WETHGateway","cases/smartreco_sources/eth_0xe27f1a136c0114aded15b24b576ad7f71483dcca_WETHGateway/WETHGateway.sol","1","ROR","smartreco_solidity_sources","1","WETHGateway","withdrawETH","1786","1803","","","","cases/smartreco_sources/eth_0xe27f1a136c0114aded15b24b576ad7f71483dcca_WETHGateway/WETHGateway.sol"
"ss_044_polygo_0xe150e792e0a18c9984a0630f051a607dee3c265d_CErc20Delegator","cases/smartreco_sources/polygo_0xe150e792e0a18c9984a0630f051a607dee3c265d_CErc20Delegator/contracts/compound/CErc20Delegator.sol","1","ROR","smartreco_solidity_sources","1","CErc20Delegator","fallback","87","109","","","","cases/smartreco_sources/polygo_0xe150e792e0a18c9984a0630f051a607dee3c265d_CErc20Delegator/contracts/compound/CErc20Delegator.sol"
"rf_001_01_ConicEthPool_Deposit_ROR","cases/ror_dataset_flat/01_ConicEthPool_Deposit_ROR.sol","1","ROR","ror_dataset_flat","1","ConicEthPool","depositFor","42","70","cachedTotalUnderlying","94","99","cases/ror_dataset_flat/01_ConicEthPool_Deposit_ROR.sol"
"rf_002_02_QuickSwapCErc20_Borrow_ROR","cases/ror_dataset_flat/02_QuickSwapCErc20_Borrow_ROR.sol","1","ROR","ror_dataset_flat","1","CErc20","borrowFresh","50","65","exchangeRateStored","81","88","cases/ror_dataset_flat/02_QuickSwapCErc20_Borrow_ROR.sol"
"rf_003_03_QuickSwapCErc20_Liquidation_ROR","cases/ror_dataset_flat/03_QuickSwapCErc20_Liquidation_ROR.sol","1","ROR","ror_dataset_flat","1","CErc20","liquidateBorrowFresh","70","94","exchangeRateStored","139","146","cases/ror_dataset_flat/03_QuickSwapCErc20_Liquidation_ROR.sol"
"rf_004_04_SturdyLendingPool_Borrow_ROR","cases/ror_dataset_flat/04_SturdyLendingPool_Borrow_ROR.sol","1","ROR","ror_dataset_flat","1","LendingPool","_executeBorrow","63","100","getUserAccountData","112","133","cases/ror_dataset_flat/04_SturdyLendingPool_Borrow_ROR.sol"
"rf_005_05_SturdyWETHGateway_Withdraw_Safe","cases/ror_dataset_flat/05_SturdyWETHGateway_Withdraw_Safe.sol","0","Safe","ror_dataset_flat","1","","","","","","","","cases/ror_dataset_flat/05_SturdyWETHGateway_Withdraw_Safe.sol"
"rf_006_06_MidasCErc20_Borrow_Safe","cases/ror_dataset_flat/06_MidasCErc20_Borrow_Safe.sol","0","Safe","ror_dataset_flat","1","","","","","","","","cases/ror_dataset_flat/06_MidasCErc20_Borrow_Safe.sol"
"rf_007_07_VaultSharePrice_ROR","cases/ror_dataset_flat/07_VaultSharePrice_ROR.sol","1","ROR","ror_dataset_flat","1","VulnerableShareVault","withdraw","23","32","pricePerShare","19","21","cases/ror_dataset_flat/07_VaultSharePrice_ROR.sol"
"rf_008_08_CurveVirtualPrice_ROR","cases/ror_dataset_flat/08_CurveVirtualPrice_ROR.sol","1","ROR","ror_dataset_flat","1","VulnerableCurveLikePool","removeLiquidity","25","34","get_virtual_price","21","23","cases/ror_dataset_flat/08_CurveVirtualPrice_ROR.sol"
"rf_009_09_AMMSpotPrice_ROR","cases/ror_dataset_flat/09_AMMSpotPrice_ROR.sol","1","ROR","ror_dataset_flat","1","VulnerableAMM","swapOut","21","25","spotPrice","17","19","cases/ror_dataset_flat/09_AMMSpotPrice_ROR.sol"
"rf_010_10_RateProvider_ROR","cases/ror_dataset_flat/10_RateProvider_ROR.sol","1","ROR","ror_dataset_flat","1","VulnerableRateProviderToken","unwrap","23","31","getRate","19","21","cases/ror_dataset_flat/10_RateProvider_ROR.sol"
"rf_011_11_LendingOracle_ROR","cases/ror_dataset_flat/11_LendingOracle_ROR.sol","1","ROR","ror_dataset_flat","1","VulnerableCollateralOracle","withdrawCollateral","23","31","collateralIndex","19","21","cases/ror_dataset_flat/11_LendingOracle_ROR.sol"
"rf_012_12_VirtualPrice_ROR","cases/ror_dataset_flat/12_VirtualPrice_ROR.sol","1","ROR","ror_dataset_flat","1","RORCurvePool12","removeLiquidity","23","27","get_virtual_price","19","21","cases/ror_dataset_flat/12_VirtualPrice_ROR.sol"
"rf_013_13_RateProvider_ROR","cases/ror_dataset_flat/13_RateProvider_ROR.sol","1","ROR","ror_dataset_flat","1","RORRateProviderToken13","unwrap","23","27","getRate","19","21","cases/ror_dataset_flat/13_RateProvider_ROR.sol"
"rf_014_14_LendingOracle_ROR","cases/ror_dataset_flat/14_LendingOracle_ROR.sol","1","ROR","ror_dataset_flat","1","RORCollateralIndex14","exit","23","27","collateralIndex","19","21","cases/ror_dataset_flat/14_LendingOracle_ROR.sol"
"rf_015_15_SpotPrice_ROR","cases/ror_dataset_flat/15_SpotPrice_ROR.sol","1","ROR","ror_dataset_flat","1","RORSpotPriceAMM15","swapOut","43","47","spotPrice","18","20","cases/ror_dataset_flat/15_SpotPrice_ROR.sol"
"rf_016_16_SharePrice_ROR","cases/ror_dataset_flat/16_SharePrice_ROR.sol","1","ROR","ror_dataset_flat","1","RORShareVault16","withdraw","23","27","pricePerShare","19","21","cases/ror_dataset_flat/16_SharePrice_ROR.sol"
"rf_017_17_VirtualPrice_ROR","cases/ror_dataset_flat/17_VirtualPrice_ROR.sol","1","ROR","ror_dataset_flat","1","RORCurvePool17","removeLiquidity","23","27","get_virtual_price","19","21","cases/ror_dataset_flat/17_VirtualPrice_ROR.sol"
"rf_018_18_RateProvider_ROR","cases/ror_dataset_flat/18_RateProvider_ROR.sol","1","ROR","ror_dataset_flat","1","RORRateProviderToken18","unwrap","23","27","getRate","19","21","cases/ror_dataset_flat/18_RateProvider_ROR.sol"
"rf_019_19_LendingOracle_ROR","cases/ror_dataset_flat/19_LendingOracle_ROR.sol","1","ROR","ror_dataset_flat","1","RORCollateralIndex19","exit","23","27","collateralIndex","19","21","cases/ror_dataset_flat/19_LendingOracle_ROR.sol"
"rf_020_20_SpotPrice_ROR","cases/ror_dataset_flat/20_SpotPrice_ROR.sol","1","ROR","ror_dataset_flat","1","RORSpotPriceAMM20","swapOut","43","47","spotPrice","18","20","cases/ror_dataset_flat/20_SpotPrice_ROR.sol"
"rf_021_21_SharePrice_ROR","cases/ror_dataset_flat/21_SharePrice_ROR.sol","1","ROR","ror_dataset_flat","1","RORShareVault21","withdraw","23","27","pricePerShare","19","21","cases/ror_dataset_flat/21_SharePrice_ROR.sol"
"rf_022_22_VirtualPrice_ROR","cases/ror_dataset_flat/22_VirtualPrice_ROR.sol","1","ROR","ror_dataset_flat","1","RORCurvePool22","removeLiquidity","25","31","get_virtual_price","21","23","cases/ror_dataset_flat/22_VirtualPrice_ROR.sol"
"rf_023_23_RateProvider_ROR","cases/ror_dataset_flat/23_RateProvider_ROR.sol","1","ROR","ror_dataset_flat","1","RORRateProviderToken23","unwrap","23","28","getRate","19","21","cases/ror_dataset_flat/23_RateProvider_ROR.sol"
"rf_024_24_LendingOracle_ROR","cases/ror_dataset_flat/24_LendingOracle_ROR.sol","1","ROR","ror_dataset_flat","1","RORCollateralIndex24","exit","23","28","collateralIndex","19","21","cases/ror_dataset_flat/24_LendingOracle_ROR.sol"
"rf_025_25_SpotPrice_ROR","cases/ror_dataset_flat/25_SpotPrice_ROR.sol","1","ROR","ror_dataset_flat","1","RORSpotPriceAMM25","swapOut","21","24","spotPrice","17","19","cases/ror_dataset_flat/25_SpotPrice_ROR.sol"
"rf_026_26_SharePrice_ROR","cases/ror_dataset_flat/26_SharePrice_ROR.sol","1","ROR","ror_dataset_flat","1","RORShareVault26","withdraw","23","29","pricePerShare","19","21","cases/ror_dataset_flat/26_SharePrice_ROR.sol"
"rf_027_27_VirtualPrice_ROR","cases/ror_dataset_flat/27_VirtualPrice_ROR.sol","1","ROR","ror_dataset_flat","1","RORCurvePool27","removeLiquidity","25","31","get_virtual_price","21","23","cases/ror_dataset_flat/27_VirtualPrice_ROR.sol"
"rf_028_28_RateProvider_ROR","cases/ror_dataset_flat/28_RateProvider_ROR.sol","1","ROR","ror_dataset_flat","1","RORRateProviderToken28","unwrap","23","28","getRate","19","21","cases/ror_dataset_flat/28_RateProvider_ROR.sol"
"rf_029_29_LendingOracle_ROR","cases/ror_dataset_flat/29_LendingOracle_ROR.sol","1","ROR","ror_dataset_flat","1","RORCollateralIndex29","exit","23","28","collateralIndex","19","21","cases/ror_dataset_flat/29_LendingOracle_ROR.sol"
"rf_030_30_SpotPrice_ROR","cases/ror_dataset_flat/30_SpotPrice_ROR.sol","1","ROR","ror_dataset_flat","1","RORSpotPriceAMM30","swapOut","21","24","spotPrice","17","19","cases/ror_dataset_flat/30_SpotPrice_ROR.sol"
"rf_031_31_SharePrice_ROR","cases/ror_dataset_flat/31_SharePrice_ROR.sol","1","ROR","ror_dataset_flat","1","RORShareVault31","withdraw","23","29","pricePerShare","19","21","cases/ror_dataset_flat/31_SharePrice_ROR.sol"
"rf_032_32_VirtualPrice_ROR","cases/ror_dataset_flat/32_VirtualPrice_ROR.sol","1","ROR","ror_dataset_flat","1","RORCurvePool32","removeLiquidity","25","31","get_virtual_price","21","23","cases/ror_dataset_flat/32_VirtualPrice_ROR.sol"
"rf_033_33_RateProvider_ROR","cases/ror_dataset_flat/33_RateProvider_ROR.sol","1","ROR","ror_dataset_flat","1","RORRateProviderToken33","unwrap","23","28","getRate","19","21","cases/ror_dataset_flat/33_RateProvider_ROR.sol"
"rf_034_34_LendingOracle_ROR","cases/ror_dataset_flat/34_LendingOracle_ROR.sol","1","ROR","ror_dataset_flat","1","RORCollateralIndex34","exit","23","28","collateralIndex","19","21","cases/ror_dataset_flat/34_LendingOracle_ROR.sol"
"rf_035_35_SpotPrice_ROR","cases/ror_dataset_flat/35_SpotPrice_ROR.sol","1","ROR","ror_dataset_flat","1","RORSpotPriceAMM35","swapOut","21","24","spotPrice","17","19","cases/ror_dataset_flat/35_SpotPrice_ROR.sol"
"rf_036_36_SharePrice_ROR","cases/ror_dataset_flat/36_SharePrice_ROR.sol","1","ROR","ror_dataset_flat","1","RORShareVault36","withdraw","23","29","pricePerShare","19","21","cases/ror_dataset_flat/36_SharePrice_ROR.sol"
"rf_037_37_VirtualPrice_ROR","cases/ror_dataset_flat/37_VirtualPrice_ROR.sol","1","ROR","ror_dataset_flat","1","RORCurvePool37","removeLiquidity","25","31","get_virtual_price","21","23","cases/ror_dataset_flat/37_VirtualPrice_ROR.sol"
"rf_038_38_RateProvider_ROR","cases/ror_dataset_flat/38_RateProvider_ROR.sol","1","ROR","ror_dataset_flat","1","RORRateProviderToken38","unwrap","23","28","getRate","19","21","cases/ror_dataset_flat/38_RateProvider_ROR.sol"
"rf_039_39_LendingOracle_ROR","cases/ror_dataset_flat/39_LendingOracle_ROR.sol","1","ROR","ror_dataset_flat","1","RORCollateralIndex39","exit","23","28","collateralIndex","19","21","cases/ror_dataset_flat/39_LendingOracle_ROR.sol"
"rf_040_40_SpotPrice_ROR","cases/ror_dataset_flat/40_SpotPrice_ROR.sol","1","ROR","ror_dataset_flat","1","RORSpotPriceAMM40","swapOut","21","24","spotPrice","17","19","cases/ror_dataset_flat/40_SpotPrice_ROR.sol"
"rf_041_41_SharePrice_ROR","cases/ror_dataset_flat/41_SharePrice_ROR.sol","1","ROR","ror_dataset_flat","1","RORShareVault41","withdraw","23","29","pricePerShare","19","21","cases/ror_dataset_flat/41_SharePrice_ROR.sol"
"rf_042_42_VirtualPrice_ROR","cases/ror_dataset_flat/42_VirtualPrice_ROR.sol","1","ROR","ror_dataset_flat","1","RORCurvePool42","removeLiquidity","25","31","get_virtual_price","21","23","cases/ror_dataset_flat/42_VirtualPrice_ROR.sol"
"rf_043_43_RateProvider_ROR","cases/ror_dataset_flat/43_RateProvider_ROR.sol","1","ROR","ror_dataset_flat","1","RORRateProviderToken43","unwrap","23","28","getRate","19","21","cases/ror_dataset_flat/43_RateProvider_ROR.sol"
"rf_044_44_LendingOracle_ROR","cases/ror_dataset_flat/44_LendingOracle_ROR.sol","1","ROR","ror_dataset_flat","1","RORCollateralIndex44","exit","23","28","collateralIndex","19","21","cases/ror_dataset_flat/44_LendingOracle_ROR.sol"
"rf_045_45_SpotPrice_ROR","cases/ror_dataset_flat/45_SpotPrice_ROR.sol","1","ROR","ror_dataset_flat","1","RORSpotPriceAMM45","swapOut","21","24","spotPrice","17","19","cases/ror_dataset_flat/45_SpotPrice_ROR.sol"
"rf_046_46_SharePrice_ROR","cases/ror_dataset_flat/46_SharePrice_ROR.sol","1","ROR","ror_dataset_flat","1","RORShareVault46","withdraw","23","29","pricePerShare","19","21","cases/ror_dataset_flat/46_SharePrice_ROR.sol"
"rf_047_47_VirtualPrice_ROR","cases/ror_dataset_flat/47_VirtualPrice_ROR.sol","1","ROR","ror_dataset_flat","1","RORCurvePool47","removeLiquidity","25","31","get_virtual_price","21","23","cases/ror_dataset_flat/47_VirtualPrice_ROR.sol"
"rf_048_48_RateProvider_ROR","cases/ror_dataset_flat/48_RateProvider_ROR.sol","1","ROR","ror_dataset_flat","1","RORRateProviderToken48","unwrap","23","28","getRate","19","21","cases/ror_dataset_flat/48_RateProvider_ROR.sol"
"rf_049_49_LendingOracle_ROR","cases/ror_dataset_flat/49_LendingOracle_ROR.sol","1","ROR","ror_dataset_flat","1","RORCollateralIndex49","exit","23","28","collateralIndex","19","21","cases/ror_dataset_flat/49_LendingOracle_ROR.sol"
"rf_050_50_SpotPrice_ROR","cases/ror_dataset_flat/50_SpotPrice_ROR.sol","1","ROR","ror_dataset_flat","1","RORSpotPriceAMM50","swapOut","21","24","spotPrice","17","19","cases/ror_dataset_flat/50_SpotPrice_ROR.sol"
"rf_051_51_PrePublishedRate_ROR","cases/ror_dataset_flat/51_PrePublishedRate_ROR.sol","1","ROR","ror_dataset_flat","1","PrePublishedRate51","unwrap","55","72","getRate","43","45","cases/ror_dataset_flat/51_PrePublishedRate_ROR.sol"
"rf_052_52_SharePriceCommit_ROR","cases/ror_dataset_flat/52_SharePriceCommit_ROR.sol","1","ROR","ror_dataset_flat","1","SharePriceCommit52","queueWithdraw","49","62","pricePerShare","37","39","cases/ror_dataset_flat/52_SharePriceCommit_ROR.sol"
"rf_053_53_SpotPriceCommit_ROR","cases/ror_dataset_flat/53_SpotPriceCommit_ROR.sol","1","ROR","ror_dataset_flat","1","SpotPriceCommit53","quoteSwapOut","43","54","spotPrice","34","36","cases/ror_dataset_flat/53_SpotPriceCommit_ROR.sol"
"rf_054_54_LendingHealthCommit_ROR","cases/ror_dataset_flat/54_LendingHealthCommit_ROR.sol","1","ROR","ror_dataset_flat","1","LendingHealthCommit54","borrow","47","64","accountHealth","32","34","cases/ror_dataset_flat/54_LendingHealthCommit_ROR.sol"
"rf_055_55_VirtualPriceCommit_ROR","cases/ror_dataset_flat/55_VirtualPriceCommit_ROR.sol","1","ROR","ror_dataset_flat","1","VirtualPriceCommit55","commitRemoveLiquidity","43","53","get_virtual_price","33","35","cases/ror_dataset_flat/55_VirtualPriceCommit_ROR.sol"
"rf_056_56_TotalAssetsCommit_ROR","cases/ror_dataset_flat/56_TotalAssetsCommit_ROR.sol","1","ROR","ror_dataset_flat","1","TotalAssetsCommit56","queueRedeem","37","49","exchangeRate","25","27","cases/ror_dataset_flat/56_TotalAssetsCommit_ROR.sol"
"rf_057_57_ReserveIndexCommit_ROR","cases/ror_dataset_flat/57_ReserveIndexCommit_ROR.sol","1","ROR","ror_dataset_flat","1","ReserveIndexCommit57","issueDebt","36","47","getReserveNormalizedIncome","28","30","cases/ror_dataset_flat/57_ReserveIndexCommit_ROR.sol"
"rf_058_58_CollateralIndexCommit_ROR","cases/ror_dataset_flat/58_CollateralIndexCommit_ROR.sol","1","ROR","ror_dataset_flat","1","CollateralIndexCommit58","exit","38","50","collateralIndex","30","32","cases/ror_dataset_flat/58_CollateralIndexCommit_ROR.sol"
"rf_059_59_OracleRoundCommit_ROR","cases/ror_dataset_flat/59_OracleRoundCommit_ROR.sol","1","ROR","ror_dataset_flat","1","OracleRoundCommit59","pushRound","36","48","latestAnswer","28","30","cases/ror_dataset_flat/59_OracleRoundCommit_ROR.sol"
"rf_060_60_DebtShareCommit_ROR","cases/ror_dataset_flat/60_DebtShareCommit_ROR.sol","1","ROR","ror_dataset_flat","1","DebtShareCommit60","mintDebtShares","32","48","debtIndex","24","26","cases/ror_dataset_flat/60_DebtShareCommit_ROR.sol"
"rf_061_61_CachedTotalAssets_UpdateBeforeCall_Safe","cases/ror_dataset_flat/61_CachedTotalAssets_UpdateBeforeCall_Safe.sol","0","Safe","ror_dataset_flat","1","","","","","","","","cases/ror_dataset_flat/61_CachedTotalAssets_UpdateBeforeCall_Safe.sol"
"rf_062_62_SharePriceBurnAfterWithdraw_Safe","cases/ror_dataset_flat/62_SharePriceBurnAfterWithdraw_Safe.sol","0","Safe","ror_dataset_flat","1","","","","","","","","cases/ror_dataset_flat/62_SharePriceBurnAfterWithdraw_Safe.sol"
"rf_063_63_OracleReadCommittedAfterCall_Safe","cases/ror_dataset_flat/63_OracleReadCommittedAfterCall_Safe.sol","0","Safe","ror_dataset_flat","1","","","","","","","","cases/ror_dataset_flat/63_OracleReadCommittedAfterCall_Safe.sol"
"rf_064_64_RateProviderVersionedCommit_Safe","cases/ror_dataset_flat/64_RateProviderVersionedCommit_Safe.sol","0","Safe","ror_dataset_flat","1","","","","","","","","cases/ror_dataset_flat/64_RateProviderVersionedCommit_Safe.sol"
"rf_065_65_VirtualPriceNoExternalWindow_Safe","cases/ror_dataset_flat/65_VirtualPriceNoExternalWindow_Safe.sol","0","Safe","ror_dataset_flat","1","","","","","","","","cases/ror_dataset_flat/65_VirtualPriceNoExternalWindow_Safe.sol"
"rf_066_66_DepositWithReentrancyGuard_Safe","cases/ror_dataset_flat/66_DepositWithReentrancyGuard_Safe.sol","0","Safe","ror_dataset_flat","1","","","","","","","","cases/ror_dataset_flat/66_DepositWithReentrancyGuard_Safe.sol"
"rf_067_67_WithdrawWithReadLock_Safe","cases/ror_dataset_flat/67_WithdrawWithReadLock_Safe.sol","0","Safe","ror_dataset_flat","1","","","","","","","","cases/ror_dataset_flat/67_WithdrawWithReadLock_Safe.sol"
"rf_068_68_SpotPriceSnapshotBeforeCall_Safe","cases/ror_dataset_flat/68_SpotPriceSnapshotBeforeCall_Safe.sol","0","Safe","ror_dataset_flat","1","","","","","","","","cases/ror_dataset_flat/68_SpotPriceSnapshotBeforeCall_Safe.sol"
"rf_069_69_LendingHealthFinalizedBeforeCall_Safe","cases/ror_dataset_flat/69_LendingHealthFinalizedBeforeCall_Safe.sol","0","Safe","ror_dataset_flat","1","","","","","","","","cases/ror_dataset_flat/69_LendingHealthFinalizedBeforeCall_Safe.sol"
"rf_070_70_TotalAssetsPullThenCommit_Safe","cases/ror_dataset_flat/70_TotalAssetsPullThenCommit_Safe.sol","0","Safe","ror_dataset_flat","1","","","","","","","","cases/ror_dataset_flat/70_TotalAssetsPullThenCommit_Safe.sol"
"rf_071_71_ReserveIndexCommitBeforeCallback_Safe","cases/ror_dataset_flat/71_ReserveIndexCommitBeforeCallback_Safe.sol","0","Safe","ror_dataset_flat","1","","","","","","","","cases/ror_dataset_flat/71_ReserveIndexCommitBeforeCallback_Safe.sol"
"rf_072_72_CollateralIndexReadGuard_Safe","cases/ror_dataset_flat/72_CollateralIndexReadGuard_Safe.sol","0","Safe","ror_dataset_flat","1","","","","","","","","cases/ror_dataset_flat/72_CollateralIndexReadGuard_Safe.sol"
"rf_073_73_OracleRoundTwoPhaseCommit_Safe","cases/ror_dataset_flat/73_OracleRoundTwoPhaseCommit_Safe.sol","0","Safe","ror_dataset_flat","1","","","","","","","","cases/ror_dataset_flat/73_OracleRoundTwoPhaseCommit_Safe.sol"
"rf_074_74_DebtShareIndexConsistentUpdate_Safe","cases/ror_dataset_flat/74_DebtShareIndexConsistentUpdate_Safe.sol","0","Safe","ror_dataset_flat","1","","","","","","","","cases/ror_dataset_flat/74_DebtShareIndexConsistentUpdate_Safe.sol"
"rf_075_75_ExternalCallNoReadableState_Safe","cases/ror_dataset_flat/75_ExternalCallNoReadableState_Safe.sol","0","Safe","ror_dataset_flat","1","","","","","","","","cases/ror_dataset_flat/75_ExternalCallNoReadableState_Safe.sol"
"rf_076_76_ReadOnlyPureCalculation_Safe","cases/ror_dataset_flat/76_ReadOnlyPureCalculation_Safe.sol","0","Safe","ror_dataset_flat","1","","","","","","","","cases/ror_dataset_flat/76_ReadOnlyPureCalculation_Safe.sol"
"rf_077_77_ControllerWithdrawNoShareMutation_Safe","cases/ror_dataset_flat/77_ControllerWithdrawNoShareMutation_Safe.sol","0","Safe","ror_dataset_flat","1","","","","","","","","cases/ror_dataset_flat/77_ControllerWithdrawNoShareMutation_Safe.sol"
"rf_078_78_CachedRateExpiresDuringCall_Safe","cases/ror_dataset_flat/78_CachedRateExpiresDuringCall_Safe.sol","0","Safe","ror_dataset_flat","1","","","","","","","","cases/ror_dataset_flat/78_CachedRateExpiresDuringCall_Safe.sol"
"rf_079_79_SnapshotQueryUsesPreviousEpoch_Safe","cases/ror_dataset_flat/79_SnapshotQueryUsesPreviousEpoch_Safe.sol","0","Safe","ror_dataset_flat","1","","","","","","","","cases/ror_dataset_flat/79_SnapshotQueryUsesPreviousEpoch_Safe.sol"
"rf_080_80_SafeExternalOracleAdapter","cases/ror_dataset_flat/80_SafeExternalOracleAdapter.sol","0","Safe","ror_dataset_flat","1","","","","","","","","cases/ror_dataset_flat/80_SafeExternalOracleAdapter.sol"
"rf_081_81_OracleCacheCommitBeforeHook_Safe","cases/ror_dataset_flat/81_OracleCacheCommitBeforeHook_Safe.sol","0","Safe","ror_dataset_flat","1","","","","","","","","cases/ror_dataset_flat/81_OracleCacheCommitBeforeHook_Safe.sol"
"rf_082_82_TotalSupplySnapshotBeforeTransfer_Safe","cases/ror_dataset_flat/82_TotalSupplySnapshotBeforeTransfer_Safe.sol","0","Safe","ror_dataset_flat","1","","","","","","","","cases/ror_dataset_flat/82_TotalSupplySnapshotBeforeTransfer_Safe.sol"
"rf_083_83_ShareIndexCommitBeforeCallback_Safe","cases/ror_dataset_flat/83_ShareIndexCommitBeforeCallback_Safe.sol","0","Safe","ror_dataset_flat","1","","","","","","","","cases/ror_dataset_flat/83_ShareIndexCommitBeforeCallback_Safe.sol"
"rf_084_84_RateProviderNoMidCallMutation_Safe","cases/ror_dataset_flat/84_RateProviderNoMidCallMutation_Safe.sol","0","Safe","ror_dataset_flat","1","","","","","","","","cases/ror_dataset_flat/84_RateProviderNoMidCallMutation_Safe.sol"
"rf_085_85_VirtualPriceLockDuringJoin_Safe","cases/ror_dataset_flat/85_VirtualPriceLockDuringJoin_Safe.sol","0","Safe","ror_dataset_flat","1","","","","","","","","cases/ror_dataset_flat/85_VirtualPriceLockDuringJoin_Safe.sol"
"rf_086_86_WithdrawBurnBeforeExternalCall_Safe","cases/ror_dataset_flat/86_WithdrawBurnBeforeExternalCall_Safe.sol","0","Safe","ror_dataset_flat","1","","","","","","","","cases/ror_dataset_flat/86_WithdrawBurnBeforeExternalCall_Safe.sol"
"rf_087_87_TwoPhaseOracleCommitBeforeNotify_Safe","cases/ror_dataset_flat/87_TwoPhaseOracleCommitBeforeNotify_Safe.sol","0","Safe","ror_dataset_flat","1","","","","","","","","cases/ror_dataset_flat/87_TwoPhaseOracleCommitBeforeNotify_Safe.sol"
"rf_088_88_LendingIndexCheckpointBeforeHook_Safe","cases/ror_dataset_flat/88_LendingIndexCheckpointBeforeHook_Safe.sol","0","Safe","ror_dataset_flat","1","","","","","","","","cases/ror_dataset_flat/88_LendingIndexCheckpointBeforeHook_Safe.sol"
"rf_089_89_ExternalCallAfterPriceFreeze_Safe","cases/ror_dataset_flat/89_ExternalCallAfterPriceFreeze_Safe.sol","0","Safe","ror_dataset_flat","1","","","","","","","","cases/ror_dataset_flat/89_ExternalCallAfterPriceFreeze_Safe.sol"
"rf_090_90_RewardAccumulatorCommitBeforeMint_Safe","cases/ror_dataset_flat/90_RewardAccumulatorCommitBeforeMint_Safe.sol","0","Safe","ror_dataset_flat","1","","","","","","","","cases/ror_dataset_flat/90_RewardAccumulatorCommitBeforeMint_Safe.sol"
"rf_091_91_StableAssetRatioCommitBeforeSwap_Safe","cases/ror_dataset_flat/91_StableAssetRatioCommitBeforeSwap_Safe.sol","0","Safe","ror_dataset_flat","1","","","","","","","","cases/ror_dataset_flat/91_StableAssetRatioCommitBeforeSwap_Safe.sol"
"rf_092_92_CallbackSeesCommittedEpoch_Safe","cases/ror_dataset_flat/92_CallbackSeesCommittedEpoch_Safe.sol","0","Safe","ror_dataset_flat","1","","","","","","","","cases/ror_dataset_flat/92_CallbackSeesCommittedEpoch_Safe.sol"
"rf_093_93_ReentrantReadBlockedByPhase_Safe","cases/ror_dataset_flat/93_ReentrantReadBlockedByPhase_Safe.sol","0","Safe","ror_dataset_flat","1","","","","","","","","cases/ror_dataset_flat/93_ReentrantReadBlockedByPhase_Safe.sol"
"rf_094_94_OraclePullThenCommitThenHook_Safe","cases/ror_dataset_flat/94_OraclePullThenCommitThenHook_Safe.sol","0","Safe","ror_dataset_flat","1","","","","","","","","cases/ror_dataset_flat/94_OraclePullThenCommitThenHook_Safe.sol"
"rf_095_95_LiquidityInvariantUpdatedBeforeCall_Safe","cases/ror_dataset_flat/95_LiquidityInvariantUpdatedBeforeCall_Safe.sol","0","Safe","ror_dataset_flat","1","","","","","","","","cases/ror_dataset_flat/95_LiquidityInvariantUpdatedBeforeCall_Safe.sol"
"rf_096_96_ReadOnlyUsesImmutableConfig_Safe","cases/ror_dataset_flat/96_ReadOnlyUsesImmutableConfig_Safe.sol","0","Safe","ror_dataset_flat","1","","","","","","","","cases/ror_dataset_flat/96_ReadOnlyUsesImmutableConfig_Safe.sol"
"rf_097_97_WithdrawPreviewAfterAccountingCommit_Safe","cases/ror_dataset_flat/97_WithdrawPreviewAfterAccountingCommit_Safe.sol","0","Safe","ror_dataset_flat","1","","","","","","","","cases/ror_dataset_flat/97_WithdrawPreviewAfterAccountingCommit_Safe.sol"
"rf_098_98_DebtIndexCommitBeforeLiquidationHook_Safe","cases/ror_dataset_flat/98_DebtIndexCommitBeforeLiquidationHook_Safe.sol","0","Safe","ror_dataset_flat","1","","","","","","","","cases/ror_dataset_flat/98_DebtIndexCommitBeforeLiquidationHook_Safe.sol"
"rf_099_99_CallbackCannotObservePendingRate_Safe","cases/ror_dataset_flat/99_CallbackCannotObservePendingRate_Safe.sol","0","Safe","ror_dataset_flat","1","","","","","","","","cases/ror_dataset_flat/99_CallbackCannotObservePendingRate_Safe.sol"
"rf_100_100_PriceReadRequiresFinalizedRound_Safe","cases/ror_dataset_flat/100_PriceReadRequiresFinalizedRound_Safe.sol","0","Safe","ror_dataset_flat","1","","","","","","","","cases/ror_dataset_flat/100_PriceReadRequiresFinalizedRound_Safe.sol"
"rf_101_101_ExternalStrategyAfterNavCommit_Safe","cases/ror_dataset_flat/101_ExternalStrategyAfterNavCommit_Safe.sol","0","Safe","ror_dataset_flat","1","","","","","","","","cases/ror_dataset_flat/101_ExternalStrategyAfterNavCommit_Safe.sol"
"rf_102_102_ReadOnlyOracleIgnoresTransientBalance_Safe","cases/ror_dataset_flat/102_ReadOnlyOracleIgnoresTransientBalance_Safe.sol","0","Safe","ror_dataset_flat","1","","","","","","","","cases/ror_dataset_flat/102_ReadOnlyOracleIgnoresTransientBalance_Safe.sol"
"rf_103_103_SafePreviewUsesPostStateSnapshot_Safe","cases/ror_dataset_flat/103_SafePreviewUsesPostStateSnapshot_Safe.sol","0","Safe","ror_dataset_flat","1","","","","","","","","cases/ror_dataset_flat/103_SafePreviewUsesPostStateSnapshot_Safe.sol"
"rf_104_104_CallbackReadsFinalizedAccumulator_Safe","cases/ror_dataset_flat/104_CallbackReadsFinalizedAccumulator_Safe.sol","0","Safe","ror_dataset_flat","1","","","","","","","","cases/ror_dataset_flat/104_CallbackReadsFinalizedAccumulator_Safe.sol"
"rf_105_105_ExternalCallNoPriceDependency_Safe","cases/ror_dataset_flat/105_ExternalCallNoPriceDependency_Safe.sol","0","Safe","ror_dataset_flat","1","","","","","","","","cases/ror_dataset_flat/105_ExternalCallNoPriceDependency_Safe.sol"
"rf_106_106_CommitBeforeERC777Hook_Safe","cases/ror_dataset_flat/106_CommitBeforeERC777Hook_Safe.sol","0","Safe","ror_dataset_flat","1","","","","","","","","cases/ror_dataset_flat/106_CommitBeforeERC777Hook_Safe.sol"
"rf_107_107_LockedPreviewDuringAssetPull_Safe","cases/ror_dataset_flat/107_LockedPreviewDuringAssetPull_Safe.sol","0","Safe","ror_dataset_flat","1","","","","","","","","cases/ror_dataset_flat/107_LockedPreviewDuringAssetPull_Safe.sol"
"rf_108_108_FinalizedOracleRoundBeforeCallback_Safe","cases/ror_dataset_flat/108_FinalizedOracleRoundBeforeCallback_Safe.sol","0","Safe","ror_dataset_flat","1","","","","","","","","cases/ror_dataset_flat/108_FinalizedOracleRoundBeforeCallback_Safe.sol"
"rf_109_109_StateVersionCheckedAfterCallback_Safe","cases/ror_dataset_flat/109_StateVersionCheckedAfterCallback_Safe.sol","0","Safe","ror_dataset_flat","1","","","","","","","","cases/ror_dataset_flat/109_StateVersionCheckedAfterCallback_Safe.sol"
"rf_110_110_SharePriceUsesCommittedLedger_Safe","cases/ror_dataset_flat/110_SharePriceUsesCommittedLedger_Safe.sol","0","Safe","ror_dataset_flat","1","","","","","","","","cases/ror_dataset_flat/110_SharePriceUsesCommittedLedger_Safe.sol"
"rf_111_111_OracleReadBlockedUntilSettled_Safe","cases/ror_dataset_flat/111_OracleReadBlockedUntilSettled_Safe.sol","0","Safe","ror_dataset_flat","1","","","","","","","","cases/ror_dataset_flat/111_OracleReadBlockedUntilSettled_Safe.sol"
"rf_112_112_ExternalCallAfterHealthFactorCommit_Safe","cases/ror_dataset_flat/112_ExternalCallAfterHealthFactorCommit_Safe.sol","0","Safe","ror_dataset_flat","1","","","","","","","","cases/ror_dataset_flat/112_ExternalCallAfterHealthFactorCommit_Safe.sol"
"rf_113_113_StableRateSnapshotBeforeNotify_Safe","cases/ror_dataset_flat/113_StableRateSnapshotBeforeNotify_Safe.sol","0","Safe","ror_dataset_flat","1","","","","","","","","cases/ror_dataset_flat/113_StableRateSnapshotBeforeNotify_Safe.sol"
"rf_114_114_CallbackCannotReadPrivateStaging_Safe","cases/ror_dataset_flat/114_CallbackCannotReadPrivateStaging_Safe.sol","0","Safe","ror_dataset_flat","1","","","","","","","","cases/ror_dataset_flat/114_CallbackCannotReadPrivateStaging_Safe.sol"
"rf_115_115_TotalAssetsReadUsesEscrowBalance_Safe","cases/ror_dataset_flat/115_TotalAssetsReadUsesEscrowBalance_Safe.sol","0","Safe","ror_dataset_flat","1","","","","","","","","cases/ror_dataset_flat/115_TotalAssetsReadUsesEscrowBalance_Safe.sol"
"rf_116_116_CallbackAfterInvariantRestored_Safe","cases/ror_dataset_flat/116_CallbackAfterInvariantRestored_Safe.sol","0","Safe","ror_dataset_flat","1","","","","","","","","cases/ror_dataset_flat/116_CallbackAfterInvariantRestored_Safe.sol"
